Année,Sexe,Rang,Prénom,Total
1900,Masculin,1,JEAN,14097
1900,Masculin,2,LOUIS,9052
1900,Masculin,3,PIERRE,7454
1900,Masculin,4,JOSEPH,7259
1900,Masculin,5,HENRI,6919
1900,Féminin,1,MARIE,48713
1900,Féminin,2,JEANNE,13981
1900,Féminin,3,MARGUERITE,8058
1900,Féminin,4,GERMAINE,6980
1900,Féminin,5,LOUISE,6696
1901,Masculin,1,JEAN,15634
1901,Masculin,2,LOUIS,10061
1901,Masculin,3,PIERRE,8450
1901,Masculin,4,JOSEPH,7891
1901,Masculin,5,MARCEL,7582
1901,Féminin,1,MARIE,52150
1901,Féminin,2,JEANNE,14963
1901,Féminin,3,MARGUERITE,9009
1901,Féminin,4,GERMAINE,7688
1901,Féminin,5,LOUISE,7199
1902,Masculin,1,JEAN,16364
1902,Masculin,2,LOUIS,10436
1902,Masculin,3,PIERRE,8978
1902,Masculin,4,MARCEL,8187
1902,Masculin,5,HENRI,8026
1902,Féminin,1,MARIE,51857
1902,Féminin,2,JEANNE,14927
1902,Féminin,3,MARGUERITE,9101
1902,Féminin,4,GERMAINE,8335
1902,Féminin,5,LOUISE,6981
1903,Masculin,1,JEAN,16535
1903,Masculin,2,LOUIS,9988
1903,Masculin,3,PIERRE,9075
1903,Masculin,4,MARCEL,8600
1903,Masculin,5,HENRI,8139
1903,Féminin,1,MARIE,50424
1903,Féminin,2,JEANNE,15017
1903,Féminin,3,MARGUERITE,8846
1903,Féminin,4,GERMAINE,7934
1903,Féminin,5,LOUISE,6866
1904,Masculin,1,JEAN,16944
1904,Masculin,2,LOUIS,10416
1904,Masculin,3,PIERRE,9215
1904,Masculin,4,MARCEL,8874
1904,Masculin,5,JOSEPH,8114
1904,Féminin,1,MARIE,50131
1904,Féminin,2,JEANNE,14909
1904,Féminin,3,MARGUERITE,9003
1904,Féminin,4,GERMAINE,8260
1904,Féminin,5,LOUISE,6841
1905,Masculin,1,JEAN,17998
1905,Masculin,2,LOUIS,10523
1905,Masculin,3,PIERRE,9429
1905,Masculin,4,MARCEL,9251
1905,Masculin,5,ANDRÉ,8434
1905,Féminin,1,MARIE,48981
1905,Féminin,2,JEANNE,15114
1905,Féminin,3,MARGUERITE,9058
1905,Féminin,4,GERMAINE,7909
1905,Féminin,5,YVONNE,6929
1906,Masculin,1,JEAN,18522
1906,Masculin,2,LOUIS,10649
1906,Masculin,3,PIERRE,9858
1906,Masculin,4,MARCEL,9755
1906,Masculin,5,ANDRÉ,9039
1906,Féminin,1,MARIE,48447
1906,Féminin,2,JEANNE,15493
1906,Féminin,3,MARGUERITE,9245
1906,Féminin,4,GERMAINE,8042
1906,Féminin,5,YVONNE,6973
1907,Masculin,1,JEAN,18475
1907,Masculin,2,LOUIS,10844
1907,Masculin,3,PIERRE,10075
1907,Masculin,4,MARCEL,10072
1907,Masculin,5,ANDRÉ,9381
1907,Féminin,1,MARIE,46048
1907,Féminin,2,JEANNE,14698
1907,Féminin,3,MARGUERITE,9040
1907,Féminin,4,GERMAINE,7903
1907,Féminin,5,YVONNE,7138
1908,Masculin,1,JEAN,19935
1908,Masculin,2,LOUIS,11086
1908,Masculin,3,MARCEL,10848
1908,Masculin,4,PIERRE,10772
1908,Masculin,5,ANDRÉ,10473
1908,Féminin,1,MARIE,47460
1908,Féminin,2,JEANNE,15312
1908,Féminin,3,MARGUERITE,9205
1908,Féminin,4,GERMAINE,7906
1908,Féminin,5,MADELEINE,7606
1909,Masculin,1,JEAN,20152
1909,Masculin,2,ANDRÉ,11021
1909,Masculin,3,LOUIS,10987
1909,Masculin,4,PIERRE,10896
1909,Masculin,5,MARCEL,10842
1909,Féminin,1,MARIE,46398
1909,Féminin,2,JEANNE,15853
1909,Féminin,3,MARGUERITE,8867
1909,Féminin,4,GERMAINE,7954
1909,Féminin,5,MADELEINE,7506
1910,Masculin,1,JEAN,20710
1910,Masculin,2,ANDRÉ,11762
1910,Masculin,3,LOUIS,11295
1910,Masculin,4,PIERRE,11156
1910,Masculin,5,MARCEL,11086
1910,Féminin,1,MARIE,45296
1910,Féminin,2,JEANNE,15896
1910,Féminin,3,MARGUERITE,9023
1910,Féminin,4,MADELEINE,8125
1910,Féminin,5,GERMAINE,8060
1911,Masculin,1,JEAN,20050
1911,Masculin,2,ANDRÉ,11966
1911,Masculin,3,PIERRE,10986
1911,Masculin,4,MARCEL,10743
1911,Masculin,5,LOUIS,10510
1911,Féminin,1,MARIE,42293
1911,Féminin,2,JEANNE,14757
1911,Féminin,3,MARGUERITE,8404
1911,Féminin,4,MADELEINE,7862
1911,Féminin,5,YVONNE,7407
1912,Masculin,1,JEAN,21652
1912,Masculin,2,ANDRÉ,12886
1912,Masculin,3,PIERRE,11911
1912,Masculin,4,MARCEL,11360
1912,Masculin,5,LOUIS,11144
1912,Féminin,1,MARIE,43695
1912,Féminin,2,JEANNE,15519
1912,Féminin,3,MARGUERITE,8356
1912,Féminin,4,MADELEINE,8225
1912,Féminin,5,YVONNE,7848
1913,Masculin,1,JEAN,21898
1913,Masculin,2,ANDRÉ,12828
1913,Masculin,3,PIERRE,12208
1913,Masculin,4,MARCEL,11640
1913,Masculin,5,LOUIS,10881
1913,Féminin,1,MARIE,42696
1913,Féminin,2,JEANNE,15347
1913,Féminin,3,MARGUERITE,8285
1913,Féminin,4,MADELEINE,8254
1913,Féminin,5,YVONNE,7902
1914,Masculin,1,JEAN,22088
1914,Masculin,2,ANDRÉ,12561
1914,Masculin,3,PIERRE,12295
1914,Masculin,4,MARCEL,10813
1914,Masculin,5,LOUIS,10574
1914,Féminin,1,MARIE,42308
1914,Féminin,2,JEANNE,15368
1914,Féminin,3,MADELEINE,8472
1914,Féminin,4,MARGUERITE,7767
1914,Féminin,5,YVONNE,7431
1915,Masculin,1,JEAN,14351
1915,Masculin,2,PIERRE,7765
1915,Masculin,3,ANDRÉ,7667
1915,Masculin,4,LOUIS,7239
1915,Masculin,5,MARCEL,6501
1915,Féminin,1,MARIE,26745
1915,Féminin,2,JEANNE,9642
1915,Féminin,3,MADELEINE,5012
1915,Féminin,4,MARGUERITE,4659
1915,Féminin,5,YVONNE,4542
1916,Masculin,1,JEAN,11274
1916,Masculin,2,ANDRÉ,6687
1916,Masculin,3,PIERRE,6060
1916,Masculin,4,MARCEL,5701
1916,Masculin,5,LOUIS,5425
1916,Féminin,1,MARIE,19759
1916,Féminin,2,JEANNE,7612
1916,Féminin,3,MADELEINE,4262
1916,Féminin,4,MARGUERITE,3945
1916,Féminin,5,YVONNE,3737
1917,Masculin,1,JEAN,12446
1917,Masculin,2,ANDRÉ,7826
1917,Masculin,3,PIERRE,6746
1917,Masculin,4,MARCEL,6423
1917,Masculin,5,RENÉ,6013
1917,Féminin,1,MARIE,20299
1917,Féminin,2,JEANNE,8102
1917,Féminin,3,MADELEINE,4792
1917,Féminin,4,SUZANNE,4156
1917,Féminin,5,MARCELLE,4116
1918,Masculin,1,JEAN,14546
1918,Masculin,2,ANDRÉ,9214
1918,Masculin,3,PIERRE,7786
1918,Masculin,4,MARCEL,7701
1918,Masculin,5,RENÉ,7242
1918,Féminin,1,MARIE,22352
1918,Féminin,2,JEANNE,8997
1918,Féminin,3,MADELEINE,5463
1918,Féminin,4,MARCELLE,4913
1918,Féminin,5,SUZANNE,4900
1919,Masculin,1,JEAN,16331
1919,Masculin,2,ANDRÉ,10378
1919,Masculin,3,MARCEL,8702
1919,Masculin,4,PIERRE,8656
1919,Masculin,5,RENÉ,8635
1919,Féminin,1,MARIE,23803
1919,Féminin,2,JEANNE,10036
1919,Féminin,3,MADELEINE,6133
1919,Féminin,4,YVONNE,5455
1919,Féminin,5,SUZANNE,5444
1920,Masculin,1,JEAN,28890
1920,Masculin,2,ANDRÉ,18293
1920,Masculin,3,PIERRE,15640
1920,Masculin,4,RENÉ,15030
1920,Masculin,5,MARCEL,14514
1920,Féminin,1,MARIE,38277
1920,Féminin,2,JEANNE,16727
1920,Féminin,3,MADELEINE,9966
1920,Féminin,4,SUZANNE,9481
1920,Féminin,5,YVONNE,9052
1921,Masculin,1,JEAN,29009
1921,Masculin,2,ANDRÉ,18117
1921,Masculin,3,PIERRE,15725
1921,Masculin,4,RENÉ,14562
1921,Masculin,5,MARCEL,13679
1921,Féminin,1,MARIE,36788
1921,Féminin,2,JEANNE,16063
1921,Féminin,3,MADELEINE,9449
1921,Féminin,4,SUZANNE,9098
1921,Féminin,5,YVONNE,8791
1922,Masculin,1,JEAN,28519
1922,Masculin,2,ANDRÉ,17437
1922,Masculin,3,PIERRE,15078
1922,Masculin,4,RENÉ,13838
1922,Masculin,5,MARCEL,12848
1922,Féminin,1,MARIE,34135
1922,Féminin,2,JEANNE,14678
1922,Féminin,3,MADELEINE,8673
1922,Féminin,4,SUZANNE,8614
1922,Féminin,5,YVONNE,8082
1923,Masculin,1,JEAN,29303
1923,Masculin,2,ANDRÉ,17388
1923,Masculin,3,PIERRE,15514
1923,Masculin,4,RENÉ,13810
1923,Masculin,5,ROGER,12592
1923,Féminin,1,MARIE,33488
1923,Féminin,2,JEANNE,13844
1923,Féminin,3,MADELEINE,8748
1923,Féminin,4,SUZANNE,8371
1923,Féminin,5,PAULETTE,7865
1924,Masculin,1,JEAN,29775
1924,Masculin,2,ANDRÉ,16981
1924,Masculin,3,PIERRE,15710
1924,Masculin,4,RENÉ,13649
1924,Masculin,5,ROGER,12704
1924,Féminin,1,MARIE,32357
1924,Féminin,2,JEANNE,13201
1924,Féminin,3,MADELEINE,8057
1924,Féminin,4,SUZANNE,7950
1924,Féminin,5,DENISE,7895
1925,Masculin,1,JEAN,31193
1925,Masculin,2,ANDRÉ,17608
1925,Masculin,3,PIERRE,16094
1925,Masculin,4,RENÉ,14092
1925,Masculin,5,ROGER,13539
1925,Féminin,1,MARIE,31669
1925,Féminin,2,JEANNE,12298
1925,Féminin,3,JACQUELINE,8972
1925,Féminin,4,DENISE,8160
1925,Féminin,5,ODETTE,7882
1926,Masculin,1,JEAN,31523
1926,Masculin,2,ANDRÉ,17512
1926,Masculin,3,PIERRE,16243
1926,Masculin,4,RENÉ,14129
1926,Masculin,5,ROGER,13406
1926,Féminin,1,MARIE,31055
1926,Féminin,2,JEANNE,11403
1926,Féminin,3,JACQUELINE,9747
1926,Féminin,4,DENISE,8428
1926,Féminin,5,JEANNINE,7797
1927,Masculin,1,JEAN,31449
1927,Masculin,2,ANDRÉ,17371
1927,Masculin,3,PIERRE,16382
1927,Masculin,4,RENÉ,13716
1927,Masculin,5,ROGER,13202
1927,Féminin,1,MARIE,29266
1927,Féminin,2,JEANNE,10485
1927,Féminin,3,JACQUELINE,10200
1927,Féminin,4,JEANNINE,8800
1927,Féminin,5,DENISE,8439
1928,Masculin,1,JEAN,32110
1928,Masculin,2,ANDRÉ,17737
1928,Masculin,3,PIERRE,16296
1928,Masculin,4,RENÉ,13640
1928,Masculin,5,ROGER,12989
1928,Féminin,1,MARIE,28544
1928,Féminin,2,JACQUELINE,10536
1928,Féminin,3,JEANNE,9901
1928,Féminin,4,JEANNINE,9612
1928,Féminin,5,DENISE,8178
1929,Masculin,1,JEAN,32071
1929,Masculin,2,ANDRÉ,17312
1929,Masculin,3,PIERRE,15911
1929,Masculin,4,RENÉ,13266
1929,Masculin,5,ROGER,12582
1929,Féminin,1,MARIE,26893
1929,Féminin,2,JACQUELINE,10578
1929,Féminin,3,JEANNINE,9940
1929,Féminin,4,JEANNE,8972
1929,Féminin,5,DENISE,7930
1930,Masculin,1,JEAN,33847
1930,Masculin,2,ANDRÉ,17073
1930,Masculin,3,PIERRE,16474
1930,Masculin,4,RENÉ,13305
1930,Masculin,5,MICHEL,12703
1930,Féminin,1,MARIE,27770
1930,Féminin,2,JACQUELINE,11448
1930,Féminin,3,JEANNINE,10993
1930,Féminin,4,JEANNE,8919
1930,Féminin,5,DENISE,8281
1931,Masculin,1,JEAN,33463
1931,Masculin,2,ANDRÉ,17115
1931,Masculin,3,PIERRE,16074
1931,Masculin,4,MICHEL,13453
1931,Masculin,5,RENÉ,12512
1931,Féminin,1,MARIE,27358
1931,Féminin,2,JACQUELINE,11613
1931,Féminin,3,JEANNINE,10839
1931,Féminin,4,JEANNE,8451
1931,Féminin,5,DENISE,8108
1932,Masculin,1,JEAN,33836
1932,Masculin,2,ANDRÉ,16954
1932,Masculin,3,PIERRE,15688
1932,Masculin,4,MICHEL,14071
1932,Masculin,5,RENÉ,12090
1932,Féminin,1,MARIE,26657
1932,Féminin,2,JACQUELINE,11634
1932,Féminin,3,JEANNINE,10543
1932,Féminin,4,MONIQUE,9453
1932,Féminin,5,YVETTE,7984
1933,Masculin,1,JEAN,32858
1933,Masculin,2,ANDRÉ,15796
1933,Masculin,3,PIERRE,14874
1933,Masculin,4,MICHEL,14417
1933,Masculin,5,CLAUDE,11216
1933,Féminin,1,MARIE,24982
1933,Féminin,2,JACQUELINE,11190
1933,Féminin,3,MONIQUE,10066
1933,Féminin,4,JEANNINE,9898
1933,Féminin,5,DENISE,7263
1934,Masculin,1,JEAN,33518
1934,Masculin,2,MICHEL,15675
1934,Masculin,3,ANDRÉ,15452
1934,Masculin,4,PIERRE,14670
1934,Masculin,5,CLAUDE,12911
1934,Féminin,1,MARIE,24791
1934,Féminin,2,JACQUELINE,11764
1934,Féminin,3,MONIQUE,11570
1934,Féminin,4,JEANNINE,9645
1934,Féminin,5,DENISE,6998
1935,Masculin,1,JEAN,32690
1935,Masculin,2,MICHEL,15749
1935,Masculin,3,PIERRE,14154
1935,Masculin,4,ANDRÉ,13989
1935,Masculin,5,CLAUDE,13013
1935,Féminin,1,MARIE,23544
1935,Féminin,2,MONIQUE,11838
1935,Féminin,3,JACQUELINE,10808
1935,Féminin,4,JEANNINE,8729
1935,Féminin,5,DENISE,6559
1936,Masculin,1,JEAN,33321
1936,Masculin,2,MICHEL,15882
1936,Masculin,3,CLAUDE,14852
1936,Masculin,4,PIERRE,13431
1936,Masculin,5,ANDRÉ,13212
1936,Féminin,1,MARIE,23127
1936,Féminin,2,MONIQUE,12490
1936,Féminin,3,JACQUELINE,10369
1936,Féminin,4,JEANNINE,8209
1936,Féminin,5,NICOLE,7187
1937,Masculin,1,JEAN,33689
1937,Masculin,2,MICHEL,16355
1937,Masculin,3,CLAUDE,14310
1937,Masculin,4,PIERRE,12861
1937,Masculin,5,ANDRÉ,12642
1937,Féminin,1,MARIE,22717
1937,Féminin,2,MONIQUE,13228
1937,Féminin,3,JACQUELINE,9953
1937,Féminin,4,NICOLE,7887
1937,Féminin,5,JEANNINE,7507
1938,Masculin,1,JEAN,35356
1938,Masculin,2,MICHEL,16848
1938,Masculin,3,CLAUDE,13552
1938,Masculin,4,PIERRE,12452
1938,Masculin,5,ANDRÉ,12036
1938,Féminin,1,MARIE,23171
1938,Féminin,2,MONIQUE,14071
1938,Féminin,3,JACQUELINE,10230
1938,Féminin,4,NICOLE,8458
1938,Féminin,5,JEANNINE,7064
1939,Masculin,1,JEAN,37294
1939,Masculin,2,MICHEL,17141
1939,Masculin,3,CLAUDE,13275
1939,Masculin,4,PIERRE,11885
1939,Masculin,5,ANDRÉ,11349
1939,Féminin,1,MARIE,23604
1939,Féminin,2,MONIQUE,14036
1939,Féminin,3,JACQUELINE,9595
1939,Féminin,4,NICOLE,9229
1939,Féminin,5,JEANNINE,6342
1940,Masculin,1,JEAN,34879
1940,Masculin,2,MICHEL,16367
1940,Masculin,3,CLAUDE,11586
1940,Masculin,4,ANDRÉ,10063
1940,Masculin,5,PIERRE,9985
1940,Féminin,1,MARIE,22332
1940,Féminin,2,MONIQUE,12515
1940,Féminin,3,NICOLE,8437
1940,Féminin,4,JACQUELINE,8336
1940,Féminin,5,FRANÇOISE,5987
1941,Masculin,1,JEAN,33295
1941,Masculin,2,MICHEL,16139
1941,Masculin,3,CLAUDE,10200
1941,Masculin,4,ANDRÉ,9107
1941,Masculin,5,JACQUES,9059
1941,Féminin,1,MARIE,20497
1941,Féminin,2,MONIQUE,11860
1941,Féminin,3,NICOLE,8662
1941,Féminin,4,JACQUELINE,7975
1941,Féminin,5,FRANÇOISE,6275
1942,Masculin,1,JEAN,37526
1942,Masculin,2,MICHEL,18704
1942,Masculin,3,BERNARD,10248
1942,Masculin,4,CLAUDE,10073
1942,Masculin,5,JACQUES,10023
1942,Féminin,1,MARIE,22521
1942,Féminin,2,MONIQUE,12540
1942,Féminin,3,NICOLE,10183
1942,Féminin,4,JACQUELINE,8590
1942,Féminin,5,FRANÇOISE,7875
1943,Masculin,1,JEAN,40742
1943,Masculin,2,MICHEL,20722
1943,Masculin,3,BERNARD,11806
1943,Masculin,4,DANIEL,11524
1943,Masculin,5,GÉRARD,11183
1943,Féminin,1,MARIE,24309
1943,Féminin,2,MONIQUE,13228
1943,Féminin,3,NICOLE,11057
1943,Féminin,4,FRANÇOISE,9107
1943,Féminin,5,JACQUELINE,8851
1944,Masculin,1,JEAN,40072
1944,Masculin,2,MICHEL,20880
1944,Masculin,3,DANIEL,12254
1944,Masculin,4,BERNARD,11958
1944,Masculin,5,GÉRARD,11898
1944,Féminin,1,MARIE,25211
1944,Féminin,2,MONIQUE,12872
1944,Féminin,3,NICOLE,11055
1944,Féminin,4,FRANÇOISE,9457
1944,Féminin,5,JACQUELINE,8762
1945,Masculin,1,JEAN,40730
1945,Masculin,2,MICHEL,21010
1945,Masculin,3,DANIEL,13227
1945,Masculin,4,GÉRARD,12399
1945,Masculin,5,BERNARD,11918
1945,Féminin,1,MARIE,25244
1945,Féminin,2,MONIQUE,11777
1945,Féminin,3,NICOLE,11035
1945,Féminin,4,FRANÇOISE,9757
1945,Féminin,5,DANIELLE,8596
1946,Masculin,1,JEAN,53502
1946,Masculin,2,MICHEL,31887
1946,Masculin,3,DANIEL,20819
1946,Masculin,4,ALAIN,19786
1946,Masculin,5,GÉRARD,19229
1946,Féminin,1,MARIE,31187
1946,Féminin,2,MONIQUE,16890
1946,Féminin,3,NICOLE,15549
1946,Féminin,4,FRANÇOISE,14352
1946,Féminin,5,JACQUELINE,12452
1947,Masculin,1,JEAN,51309
1947,Masculin,2,MICHEL,32583
1947,Masculin,3,ALAIN,22783
1947,Masculin,4,DANIEL,21346
1947,Masculin,5,BERNARD,19826
1947,Féminin,1,MARIE,32873
1947,Féminin,2,MONIQUE,16702
1947,Féminin,3,NICOLE,15838
1947,Féminin,4,FRANÇOISE,14753
1947,Féminin,5,DANIELLE,12318
1948,Masculin,1,JEAN,46183
1948,Masculin,2,MICHEL,32277
1948,Masculin,3,ALAIN,23649
1948,Masculin,4,DANIEL,20303
1948,Masculin,5,GÉRARD,19860
1948,Féminin,1,MARIE,30987
1948,Féminin,2,MONIQUE,15989
1948,Féminin,3,FRANÇOISE,15231
1948,Féminin,4,NICOLE,14757
1948,Féminin,5,CHRISTIANE,11445
1949,Masculin,1,JEAN,42770
1949,Masculin,2,MICHEL,30450
1949,Masculin,3,ALAIN,23473
1949,Masculin,4,GÉRARD,20005
1949,Masculin,5,DANIEL,19231
1949,Féminin,1,MARIE,30292
1949,Féminin,2,FRANÇOISE,15256
1949,Féminin,3,MONIQUE,15213
1949,Féminin,4,MARTINE,13968
1949,Féminin,5,NICOLE,13546
1950,Masculin,1,JEAN,38266
1950,Masculin,2,MICHEL,27955
1950,Masculin,3,ALAIN,24047
1950,Masculin,4,GÉRARD,18615
1950,Masculin,5,BERNARD,18354
1950,Féminin,1,MARIE,28028
1950,Féminin,2,MARTINE,16288
1950,Féminin,3,FRANÇOISE,14734
1950,Féminin,4,MONIQUE,14647
1950,Féminin,5,NICOLE,12692
1951,Masculin,1,JEAN,35221
1951,Masculin,2,MICHEL,25136
1951,Masculin,3,ALAIN,23032
1951,Masculin,4,BERNARD,16985
1951,Masculin,5,CHRISTIAN,16677
1951,Féminin,1,MARIE,25069
1951,Féminin,2,MARTINE,19005
1951,Féminin,3,FRANÇOISE,13650
1951,Féminin,4,MONIQUE,12791
1951,Féminin,5,NICOLE,11538
1952,Masculin,1,JEAN,33904
1952,Masculin,2,MICHEL,23768
1952,Masculin,3,ALAIN,21918
1952,Masculin,4,BERNARD,17878
1952,Masculin,5,CHRISTIAN,16142
1952,Féminin,1,MARIE,25621
1952,Féminin,2,MARTINE,20605
1952,Féminin,3,FRANÇOISE,12965
1952,Féminin,4,CHANTAL,12301
1952,Féminin,5,MONIQUE,11359
1953,Masculin,1,JEAN,29279
1953,Masculin,2,MICHEL,22351
1953,Masculin,3,ALAIN,21297
1953,Masculin,4,PATRICK,18445
1953,Masculin,5,CHRISTIAN,16819
1953,Féminin,1,MARIE,22537
1953,Féminin,2,MARTINE,22391
1953,Féminin,3,CHANTAL,12893
1953,Féminin,4,FRANÇOISE,12448
1953,Féminin,5,MONIQUE,10267
1954,Masculin,1,JEAN,28495
1954,Masculin,2,MICHEL,21381
1954,Masculin,3,PATRICK,20728
1954,Masculin,4,ALAIN,20319
1954,Masculin,5,CHRISTIAN,17077
1954,Féminin,1,MARIE,23379
1954,Féminin,2,MARTINE,22820
1954,Féminin,3,CHANTAL,13187
1954,Féminin,4,FRANÇOISE,12184
1954,Féminin,5,CATHERINE,9962
1955,Masculin,1,JEAN,24790
1955,Masculin,2,MICHEL,21553
1955,Masculin,3,PATRICK,20310
1955,Masculin,4,ALAIN,19868
1955,Masculin,5,PHILIPPE,17615
1955,Féminin,1,MARTINE,20839
1955,Féminin,2,MARIE,19882
1955,Féminin,3,FRANÇOISE,12854
1955,Féminin,4,CHANTAL,12541
1955,Féminin,5,CATHERINE,12493
1956,Masculin,1,JEAN,23870
1956,Masculin,2,PATRICK,21351
1956,Masculin,3,MICHEL,20435
1956,Masculin,4,PHILIPPE,18832
1956,Masculin,5,ALAIN,18529
1956,Féminin,1,MARIE,19518
1956,Féminin,2,MARTINE,19419
1956,Féminin,3,CATHERINE,14071
1956,Féminin,4,FRANÇOISE,12701
1956,Féminin,5,BRIGITTE,12357
1957,Masculin,1,JEAN,22122
1957,Masculin,2,PATRICK,21064
1957,Masculin,3,PHILIPPE,20745
1957,Masculin,4,MICHEL,19031
1957,Masculin,5,ALAIN,17561
1957,Féminin,1,MARIE,18125
1957,Féminin,2,MARTINE,17831
1957,Féminin,3,BRIGITTE,15476
1957,Féminin,4,CATHERINE,15428
1957,Féminin,5,FRANÇOISE,12480
1958,Masculin,1,PHILIPPE,22108
1958,Masculin,2,JEAN,21056
1958,Masculin,3,PATRICK,19909
1958,Masculin,4,MICHEL,17719
1958,Masculin,5,ALAIN,16059
1958,Féminin,1,MARIE,18017
1958,Féminin,2,BRIGITTE,17145
1958,Féminin,3,MARTINE,17076
1958,Féminin,4,CATHERINE,16418
1958,Féminin,5,SYLVIE,13222
1959,Masculin,1,PHILIPPE,23437
1959,Masculin,2,JEAN,20090
1959,Masculin,3,PATRICK,20022
1959,Masculin,4,MICHEL,16425
1959,Masculin,5,ALAIN,16389
1959,Féminin,1,BRIGITTE,18164
1959,Féminin,2,CATHERINE,16802
1959,Féminin,3,MARIE,16537
1959,Féminin,4,SYLVIE,15447
1959,Féminin,5,MARTINE,15192
1960,Masculin,1,PHILIPPE,24762
1960,Masculin,2,PATRICK,18524
1960,Masculin,3,PASCAL,17778
1960,Masculin,4,JEAN,17526
1960,Masculin,5,ALAIN,15275
1960,Féminin,1,CATHERINE,18043
1960,Féminin,2,SYLVIE,17656
1960,Féminin,3,CHRISTINE,15156
1960,Féminin,4,MARIE,14895
1960,Féminin,5,BRIGITTE,14609
1961,Masculin,1,PHILIPPE,24968
1961,Masculin,2,PASCAL,19891
1961,Masculin,3,ERIC,17888
1961,Masculin,4,PATRICK,17700
1961,Masculin,5,JEAN,16031
1961,Féminin,1,SYLVIE,19193
1961,Féminin,2,CATHERINE,19007
1961,Féminin,3,CHRISTINE,15575
1961,Féminin,4,MARIE,14166
1961,Féminin,5,ISABELLE,13490
1962,Masculin,1,PHILIPPE,24923
1962,Masculin,2,PASCAL,21256
1962,Masculin,3,ERIC,17906
1962,Masculin,4,PATRICK,16248
1962,Masculin,5,THIERRY,15744
1962,Féminin,1,SYLVIE,20823
1962,Féminin,2,CATHERINE,19706
1962,Féminin,3,ISABELLE,15826
1962,Féminin,4,CHRISTINE,14766
1962,Féminin,5,VÉRONIQUE,14666
1963,Masculin,1,PHILIPPE,26211
1963,Masculin,2,PASCAL,20641
1963,Masculin,3,ERIC,20041
1963,Masculin,4,THIERRY,19021
1963,Masculin,5,PATRICK,17213
1963,Féminin,1,SYLVIE,25669
1963,Féminin,2,CATHERINE,19902
1963,Féminin,3,ISABELLE,17555
1963,Féminin,4,VÉRONIQUE,16206
1963,Féminin,5,CHRISTINE,16113
1964,Masculin,1,PHILIPPE,26023
1964,Masculin,2,THIERRY,25519
1964,Masculin,3,ERIC,19971
1964,Masculin,4,PASCAL,17847
1964,Masculin,5,PATRICK,16110
1964,Féminin,1,SYLVIE,27551
1964,Féminin,2,NATHALIE,22185
1964,Féminin,3,ISABELLE,21520
1964,Féminin,4,CATHERINE,18596
1964,Féminin,5,CHRISTINE,16042
1965,Masculin,1,THIERRY,24540
1965,Masculin,2,PHILIPPE,24162
1965,Masculin,3,ERIC,20135
1965,Masculin,4,PASCAL,17524
1965,Masculin,5,LAURENT,15231
1965,Féminin,1,NATHALIE,30291
1965,Féminin,2,SYLVIE,24640
1965,Féminin,3,ISABELLE,23977
1965,Féminin,4,CATHERINE,16442
1965,Féminin,5,VALÉRIE,16302
1966,Masculin,1,PHILIPPE,22738
1966,Masculin,2,CHRISTOPHE,20673
1966,Masculin,3,THIERRY,19353
1966,Masculin,4,ERIC,18200
1966,Masculin,5,PASCAL,16715
1966,Féminin,1,NATHALIE,31410
1966,Féminin,2,ISABELLE,23229
1966,Féminin,3,SYLVIE,20313
1966,Féminin,4,VALÉRIE,20261
1966,Féminin,5,CATHERINE,15112
1967,Masculin,1,CHRISTOPHE,21727
1967,Masculin,2,PHILIPPE,21230
1967,Masculin,3,LAURENT,17455
1967,Masculin,4,ERIC,16712
1967,Masculin,5,THIERRY,15754
1967,Féminin,1,NATHALIE,29233
1967,Féminin,2,VALÉRIE,22460
1967,Féminin,3,ISABELLE,21633
1967,Féminin,4,SYLVIE,17317
1967,Féminin,5,VÉRONIQUE,13036
1968,Masculin,1,CHRISTOPHE,21470
1968,Masculin,2,LAURENT,19232
1968,Masculin,3,PHILIPPE,18527
1968,Masculin,4,ERIC,16254
1968,Masculin,5,STÉPHANE,14728
1968,Féminin,1,NATHALIE,28584
1968,Féminin,2,VALÉRIE,21759
1968,Féminin,3,ISABELLE,20475
1968,Féminin,4,SYLVIE,17145
1968,Féminin,5,SANDRINE,13078
1969,Masculin,1,CHRISTOPHE,22638
1969,Masculin,2,LAURENT,19828
1969,Masculin,3,STÉPHANE,17685
1969,Masculin,4,PHILIPPE,16041
1969,Masculin,5,ERIC,14082
1969,Féminin,1,NATHALIE,28360
1969,Féminin,2,VALÉRIE,22556
1969,Féminin,3,ISABELLE,18843
1969,Féminin,4,SANDRINE,15207
1969,Féminin,5,SYLVIE,14463
1970,Masculin,1,CHRISTOPHE,21850
1970,Masculin,2,STÉPHANE,21794
1970,Masculin,3,LAURENT,19958
1970,Masculin,4,DAVID,18457
1970,Masculin,5,OLIVIER,14459
1970,Féminin,1,NATHALIE,26217
1970,Féminin,2,VALÉRIE,19388
1970,Féminin,3,SANDRINE,18037
1970,Féminin,4,ISABELLE,16543
1970,Féminin,5,SYLVIE,12388
1971,Masculin,1,STÉPHANE,23326
1971,Masculin,2,CHRISTOPHE,22097
1971,Masculin,3,LAURENT,19723
1971,Masculin,4,DAVID,17265
1971,Masculin,5,OLIVIER,15529
1971,Féminin,1,NATHALIE,22674
1971,Féminin,2,SANDRINE,20846
1971,Féminin,3,ISABELLE,17479
1971,Féminin,4,VALÉRIE,16835
1971,Féminin,5,CHRISTELLE,12053
1972,Masculin,1,CHRISTOPHE,21156
1972,Masculin,2,STÉPHANE,20974
1972,Masculin,3,DAVID,19694
1972,Masculin,4,LAURENT,16048
1972,Masculin,5,OLIVIER,15121
1972,Féminin,1,SANDRINE,19886
1972,Féminin,2,NATHALIE,19200
1972,Féminin,3,ISABELLE,16500
1972,Féminin,4,VALÉRIE,14562
1972,Féminin,5,CHRISTELLE,13129
1973,Masculin,1,CHRISTOPHE,21068
1973,Masculin,2,STÉPHANE,19195
1973,Masculin,3,DAVID,19068
1973,Masculin,4,FRÉDÉRIC,18192
1973,Masculin,5,SÉBASTIEN,14947
1973,Féminin,1,SANDRINE,17602
1973,Féminin,2,NATHALIE,16919
1973,Féminin,3,ISABELLE,14486
1973,Féminin,4,STÉPHANIE,13728
1973,Féminin,5,CHRISTELLE,12864
1974,Masculin,1,STÉPHANE,18508
1974,Masculin,2,DAVID,17883
1974,Masculin,3,CHRISTOPHE,17311
1974,Masculin,4,FRÉDÉRIC,16580
1974,Masculin,5,SÉBASTIEN,16222
1974,Féminin,1,STÉPHANIE,23519
1974,Féminin,2,SANDRINE,15702
1974,Féminin,3,NATHALIE,13945
1974,Féminin,4,ISABELLE,10798
1974,Féminin,5,VIRGINIE,10542
1975,Masculin,1,SÉBASTIEN,16769
1975,Masculin,2,FRÉDÉRIC,15970
1975,Masculin,3,DAVID,15500
1975,Masculin,4,STÉPHANE,15359
1975,Masculin,5,CHRISTOPHE,14444
1975,Féminin,1,STÉPHANIE,19593
1975,Féminin,2,SANDRINE,13933
1975,Féminin,3,NATHALIE,10956
1975,Féminin,4,CÉLINE,10154
1975,Féminin,5,VIRGINIE,10150
1976,Masculin,1,SÉBASTIEN,19285
1976,Masculin,2,DAVID,14685
1976,Masculin,3,FRÉDÉRIC,14353
1976,Masculin,4,CHRISTOPHE,13106
1976,Masculin,5,STÉPHANE,12476
1976,Féminin,1,STÉPHANIE,16694
1976,Féminin,2,SANDRINE,12084
1976,Féminin,3,CÉLINE,10626
1976,Féminin,4,NATHALIE,9341
1976,Féminin,5,VIRGINIE,9193
1977,Masculin,1,SÉBASTIEN,19466
1977,Masculin,2,NICOLAS,15227
1977,Masculin,3,DAVID,13575
1977,Masculin,4,FRÉDÉRIC,12080
1977,Masculin,5,CHRISTOPHE,11864
1977,Féminin,1,STÉPHANIE,15058
1977,Féminin,2,CÉLINE,12014
1977,Féminin,3,SANDRINE,11060
1977,Féminin,4,VIRGINIE,9640
1977,Féminin,5,NATHALIE,8046
1978,Masculin,1,SÉBASTIEN,19098
1978,Masculin,2,NICOLAS,13536
1978,Masculin,3,DAVID,12235
1978,Masculin,4,FRÉDÉRIC,10372
1978,Masculin,5,CHRISTOPHE,10361
1978,Féminin,1,CÉLINE,12127
1978,Féminin,2,STÉPHANIE,12080
1978,Féminin,3,VIRGINIE,9480
1978,Féminin,4,SANDRINE,9193
1978,Féminin,5,LAETITIA,7595
1979,Masculin,1,SÉBASTIEN,17500
1979,Masculin,2,NICOLAS,13169
1979,Masculin,3,JULIEN,11145
1979,Masculin,4,DAVID,11084
1979,Masculin,5,CHRISTOPHE,9627
1979,Féminin,1,CÉLINE,13701
1979,Féminin,2,STÉPHANIE,10603
1979,Féminin,3,VIRGINIE,8827
1979,Féminin,4,AURÉLIE,8788
1979,Féminin,5,SANDRINE,8043
1980,Masculin,1,NICOLAS,21803
1980,Masculin,2,SÉBASTIEN,16474
1980,Masculin,3,JULIEN,13895
1980,Masculin,4,DAVID,10194
1980,Masculin,5,CHRISTOPHE,9478
1980,Féminin,1,CÉLINE,12851
1980,Féminin,2,EMILIE,11585
1980,Féminin,3,AURÉLIE,11195
1980,Féminin,4,VIRGINIE,9946
1980,Féminin,5,STÉPHANIE,9317
1981,Masculin,1,NICOLAS,20824
1981,Masculin,2,JULIEN,15057
1981,Masculin,3,SÉBASTIEN,14652
1981,Masculin,4,DAVID,9777
1981,Masculin,5,GUILLAUME,8837
1981,Féminin,1,CÉLINE,12501
1981,Féminin,2,AURÉLIE,12358
1981,Féminin,3,EMILIE,10805
1981,Féminin,4,VIRGINIE,8892
1981,Féminin,5,STÉPHANIE,8526
1982,Masculin,1,NICOLAS,17797
1982,Masculin,2,JULIEN,16446
1982,Masculin,3,SÉBASTIEN,13547
1982,Masculin,4,DAVID,9263
1982,Masculin,5,GUILLAUME,8254
1982,Féminin,1,AURÉLIE,13673
1982,Féminin,2,CÉLINE,11210
1982,Féminin,3,EMILIE,10355
1982,Féminin,4,LAETITIA,8387
1982,Féminin,5,STÉPHANIE,8034
1983,Masculin,1,JULIEN,16332
1983,Masculin,2,NICOLAS,14540
1983,Masculin,3,SÉBASTIEN,11549
1983,Masculin,4,GUILLAUME,9246
1983,Masculin,5,DAVID,7593
1983,Féminin,1,AURÉLIE,13924
1983,Féminin,2,EMILIE,10331
1983,Féminin,3,CÉLINE,9218
1983,Féminin,4,JULIE,8315
1983,Féminin,5,ELODIE,8121
1984,Masculin,1,JULIEN,15229
1984,Masculin,2,NICOLAS,13584
1984,Masculin,3,SÉBASTIEN,10399
1984,Masculin,4,GUILLAUME,9380
1984,Masculin,5,JONATHAN,7591
1984,Féminin,1,AURÉLIE,12886
1984,Féminin,2,EMILIE,9717
1984,Féminin,3,CÉLINE,9000
1984,Féminin,4,ELODIE,8838
1984,Féminin,5,JULIE,8448
1985,Masculin,1,JULIEN,17022
1985,Masculin,2,NICOLAS,13843
1985,Masculin,3,SÉBASTIEN,8855
1985,Masculin,4,GUILLAUME,8572
1985,Masculin,5,JONATHAN,8541
1985,Féminin,1,AURÉLIE,12570
1985,Féminin,2,EMILIE,11380
1985,Féminin,3,JULIE,8735
1985,Féminin,4,MARIE,7867
1985,Féminin,5,ELODIE,7804
1986,Masculin,1,JULIEN,15330
1986,Masculin,2,NICOLAS,12507
1986,Masculin,3,GUILLAUME,9083
1986,Masculin,4,ALEXANDRE,8739
1986,Masculin,5,SÉBASTIEN,8152
1986,Féminin,1,AURÉLIE,11313
1986,Féminin,2,EMILIE,9304
1986,Féminin,3,JULIE,8967
1986,Féminin,4,ELODIE,8512
1986,Féminin,5,STÉPHANIE,8424
1987,Masculin,1,JULIEN,13419
1987,Masculin,2,NICOLAS,10909
1987,Masculin,3,ROMAIN,9627
1987,Masculin,4,ALEXANDRE,8223
1987,Masculin,5,ANTHONY,8063
1987,Féminin,1,JULIE,9934
1987,Féminin,2,AURÉLIE,9884
1987,Féminin,3,ELODIE,8953
1987,Féminin,4,_PRENOMS_RARES,7657
1987,Féminin,5,EMILIE,7645
1988,Masculin,1,JULIEN,12451
1988,Masculin,2,NICOLAS,10749
1988,Masculin,3,ROMAIN,9395
1988,Masculin,4,ANTHONY,9080
1988,Masculin,5,KEVIN,8369
1988,Féminin,1,ELODIE,11821
1988,Féminin,2,LAURA,9241
1988,Féminin,3,JULIE,8681
1988,Féminin,4,_PRENOMS_RARES,8047
1988,Féminin,5,AURÉLIE,7888
1989,Masculin,1,KEVIN,11344
1989,Masculin,2,JULIEN,10730
1989,Masculin,3,NICOLAS,9545
1989,Masculin,4,ROMAIN,9083
1989,Masculin,5,ALEXANDRE,8324
1989,Féminin,1,ELODIE,10480
1989,Féminin,2,_PRENOMS_RARES,8178
1989,Féminin,3,LAURA,8074
1989,Féminin,4,JULIE,8011
1989,Féminin,5,AURÉLIE,7626
1990,Masculin,1,KEVIN,11403
1990,Masculin,2,THOMAS,9816
1990,Masculin,3,JULIEN,9415
1990,Masculin,4,NICOLAS,9151
1990,Masculin,5,_PRENOMS_RARES,8458
1990,Féminin,1,ELODIE,8620
1990,Féminin,2,_PRENOMS_RARES,8479
1990,Féminin,3,LAURA,7920
1990,Féminin,4,JULIE,7451
1990,Féminin,5,MARINE,6924
1991,Masculin,1,KEVIN,13304
1991,Masculin,2,THOMAS,9793
1991,Masculin,3,ALEXANDRE,8879
1991,Masculin,4,JULIEN,8799
1991,Masculin,5,NICOLAS,8580
1991,Féminin,1,_PRENOMS_RARES,8621
1991,Féminin,2,MARINE,8200
1991,Féminin,3,ELODIE,7912
1991,Féminin,4,LAURA,7281
1991,Féminin,5,JULIE,6952
1992,Masculin,1,KEVIN,12628
1992,Masculin,2,THOMAS,9780
1992,Masculin,3,_PRENOMS_RARES,9050
1992,Masculin,4,MAXIME,8930
1992,Masculin,5,ALEXANDRE,8778
1992,Féminin,1,_PRENOMS_RARES,9075
1992,Féminin,2,LAURA,7489
1992,Féminin,3,MARINE,7379
1992,Féminin,4,MARIE,7288
1992,Féminin,5,MARION,6364
1993,Masculin,1,KEVIN,11212
1993,Masculin,2,_PRENOMS_RARES,9412
1993,Masculin,3,THOMAS,8976
1993,Masculin,4,ALEXANDRE,8955
1993,Masculin,5,NICOLAS,8683
1993,Féminin,1,_PRENOMS_RARES,9610
1993,Féminin,2,LAURA,7561
1993,Féminin,3,MARINE,6966
1993,Féminin,4,MARIE,6819
1993,Féminin,5,ANAÏS,6561
1994,Masculin,1,KEVIN,9853
1994,Masculin,2,_PRENOMS_RARES,9677
1994,Masculin,3,NICOLAS,9244
1994,Masculin,4,ALEXANDRE,8830
1994,Masculin,5,THOMAS,8142
1994,Féminin,1,_PRENOMS_RARES,9821
1994,Féminin,2,LAURA,7928
1994,Féminin,3,MANON,7480
1994,Féminin,4,MARIE,7218
1994,Féminin,5,CAMILLE,7017
1995,Masculin,1,_PRENOMS_RARES,9744
1995,Masculin,2,NICOLAS,9137
1995,Masculin,3,ALEXANDRE,9012
1995,Masculin,4,THOMAS,8860
1995,Masculin,5,MAXIME,7700
1995,Féminin,1,_PRENOMS_RARES,10232
1995,Féminin,2,MANON,8239
1995,Féminin,3,MARIE,7631
1995,Féminin,4,LAURA,7582
1995,Féminin,5,CAMILLE,7333
1996,Masculin,1,_PRENOMS_RARES,10161
1996,Masculin,2,THOMAS,9386
1996,Masculin,3,ALEXANDRE,8866
1996,Masculin,4,NICOLAS,8846
1996,Masculin,5,MAXIME,7766
1996,Féminin,1,_PRENOMS_RARES,10886
1996,Féminin,2,MANON,7614
1996,Féminin,3,LAURA,7422
1996,Féminin,4,MARIE,7422
1996,Féminin,5,CAMILLE,7231
1997,Masculin,1,_PRENOMS_RARES,10341
1997,Masculin,2,THOMAS,9592
1997,Masculin,3,ALEXANDRE,8193
1997,Masculin,4,NICOLAS,7741
1997,Masculin,5,MAXIME,7500
1997,Féminin,1,_PRENOMS_RARES,11252
1997,Féminin,2,LÉA,7498
1997,Féminin,3,MANON,7382
1997,Féminin,4,CAMILLE,7019
1997,Féminin,5,MARIE,6773
1998,Masculin,1,_PRENOMS_RARES,10954
1998,Masculin,2,THOMAS,9414
1998,Masculin,3,ALEXANDRE,7512
1998,Masculin,4,QUENTIN,7501
1998,Masculin,5,MAXIME,7197
1998,Féminin,1,_PRENOMS_RARES,12120
1998,Féminin,2,LÉA,8142
1998,Féminin,3,MANON,7634
1998,Féminin,4,CAMILLE,7461
1998,Féminin,5,MARIE,6854
1999,Masculin,1,_PRENOMS_RARES,11586
1999,Masculin,2,THOMAS,9407
1999,Masculin,3,LUCAS,8038
1999,Masculin,4,MAXIME,7011
1999,Masculin,5,HUGO,6999
1999,Féminin,1,_PRENOMS_RARES,12503
1999,Féminin,2,LÉA,9647
1999,Féminin,3,MANON,7476
1999,Féminin,4,CAMILLE,7192
1999,Féminin,5,MARIE,6311
2000,Masculin,1,_PRENOMS_RARES,12517
2000,Masculin,2,THOMAS,10452
2000,Masculin,3,LUCAS,8304
2000,Masculin,4,THÉO,7962
2000,Masculin,5,HUGO,7695
2000,Féminin,1,_PRENOMS_RARES,13565
2000,Féminin,2,LÉA,10657
2000,Féminin,3,MANON,7852
2000,Féminin,4,CAMILLE,7355
2000,Féminin,5,CHLOÉ,7188
2001,Masculin,1,_PRENOMS_RARES,13229
2001,Masculin,2,THOMAS,10106
2001,Masculin,3,LUCAS,9038
2001,Masculin,4,THÉO,8858
2001,Masculin,5,HUGO,7050
2001,Féminin,1,_PRENOMS_RARES,14645
2001,Féminin,2,LÉA,10709
2001,Féminin,3,MANON,7579
2001,Féminin,4,CHLOÉ,7025
2001,Féminin,5,CAMILLE,6576
2002,Masculin,1,_PRENOMS_RARES,14352
2002,Masculin,2,LUCAS,9318
2002,Masculin,3,THÉO,8692
2002,Masculin,4,THOMAS,8158
2002,Masculin,5,HUGO,7247
2002,Féminin,1,_PRENOMS_RARES,15344
2002,Féminin,2,LÉA,9733
2002,Féminin,3,MANON,7562
2002,Féminin,4,EMMA,6518
2002,Féminin,5,CHLOÉ,6098
2003,Masculin,1,_PRENOMS_RARES,15167
2003,Masculin,2,LUCAS,8287
2003,Masculin,3,THÉO,7859
2003,Masculin,4,HUGO,7386
2003,Masculin,5,THOMAS,6853
2003,Féminin,1,_PRENOMS_RARES,16521
2003,Féminin,2,LÉA,8961
2003,Féminin,3,MANON,6911
2003,Féminin,4,EMMA,6221
2003,Féminin,5,CHLOÉ,5792
2004,Masculin,1,_PRENOMS_RARES,16266
2004,Masculin,2,ENZO,7960
2004,Masculin,3,LUCAS,6819
2004,Masculin,4,THÉO,6491
2004,Masculin,5,THOMAS,6455
2004,Féminin,1,_PRENOMS_RARES,17675
2004,Féminin,2,LÉA,7386
2004,Féminin,3,EMMA,6628
2004,Féminin,4,MANON,6279
2004,Féminin,5,CHLOÉ,5435
2005,Masculin,1,_PRENOMS_RARES,17156
2005,Masculin,2,ENZO,8852
2005,Masculin,3,LUCAS,6813
2005,Masculin,4,MATHIS,5776
2005,Masculin,5,THOMAS,5657
2005,Féminin,1,_PRENOMS_RARES,18532
2005,Féminin,2,EMMA,7090
2005,Féminin,3,LÉA,6638
2005,Féminin,4,CLARA,6032
2005,Féminin,5,MANON,5919
2006,Masculin,1,_PRENOMS_RARES,18087
2006,Masculin,2,ENZO,8325
2006,Masculin,3,LUCAS,7190
2006,Masculin,4,MATHIS,6174
2006,Masculin,5,NATHAN,6044
2006,Féminin,1,_PRENOMS_RARES,19514
2006,Féminin,2,EMMA,7095
2006,Féminin,3,LÉA,6503
2006,Féminin,4,CLARA,6043
2006,Féminin,5,MANON,5570
2007,Masculin,1,_PRENOMS_RARES,18461
2007,Masculin,2,ENZO,7491
2007,Masculin,3,LUCAS,7446
2007,Masculin,4,NATHAN,6622
2007,Masculin,5,MATHIS,5837
2007,Féminin,1,_PRENOMS_RARES,20054
2007,Féminin,2,EMMA,6736
2007,Féminin,3,LÉA,5829
2007,Féminin,4,CLARA,5205
2007,Féminin,5,CHLOÉ,5142
2008,Masculin,1,_PRENOMS_RARES,18866
2008,Masculin,2,LUCAS,7069
2008,Masculin,3,ENZO,6979
2008,Masculin,4,NATHAN,6437
2008,Masculin,5,MATHIS,5646
2008,Féminin,1,_PRENOMS_RARES,20155
2008,Féminin,2,EMMA,6767
2008,Féminin,3,LÉA,5749
2008,Féminin,4,JADE,5468
2008,Féminin,5,MANON,5350
2009,Masculin,1,_PRENOMS_RARES,19631
2009,Masculin,2,LUCAS,7479
2009,Masculin,3,NATHAN,7003
2009,Masculin,4,ENZO,6492
2009,Masculin,5,LOUIS,4855
2009,Féminin,1,_PRENOMS_RARES,21012
2009,Féminin,2,EMMA,6589
2009,Féminin,3,JADE,5503
2009,Féminin,4,LÉA,5291
2009,Féminin,5,CHLOÉ,5023
2010,Masculin,1,_PRENOMS_RARES,20999
2010,Masculin,2,NATHAN,7033
2010,Masculin,3,LUCAS,6923
2010,Masculin,4,ENZO,5949
2010,Masculin,5,LOUIS,4808
2010,Féminin,1,_PRENOMS_RARES,22145
2010,Féminin,2,EMMA,6400
2010,Féminin,3,MANON,5042
2010,Féminin,4,LOLA,4900
2010,Féminin,5,JADE,4843
2011,Masculin,1,_PRENOMS_RARES,21513
2011,Masculin,2,LUCAS,6101
2011,Masculin,3,NATHAN,5975
2011,Masculin,4,ENZO,5410
2011,Masculin,5,GABRIEL,4856
2011,Féminin,1,_PRENOMS_RARES,23748
2011,Féminin,2,EMMA,5924
2011,Féminin,3,MANON,4833
2011,Féminin,4,JADE,4620
2011,Féminin,5,LOLA,4406
2012,Masculin,1,_PRENOMS_RARES,24032
2012,Masculin,2,LUCAS,5730
2012,Masculin,3,NATHAN,5425
2012,Masculin,4,LOUIS,5046
2012,Masculin,5,GABRIEL,5018
2012,Féminin,1,_PRENOMS_RARES,25895
2012,Féminin,2,EMMA,5187
2012,Féminin,3,LOUISE,4443
2012,Féminin,4,MANON,4340
2012,Féminin,5,JADE,4160
2013,Masculin,1,_PRENOMS_RARES,23958
2013,Masculin,2,LUCAS,5659
2013,Masculin,3,HUGO,5399
2013,Masculin,4,LOUIS,5287
2013,Masculin,5,GABRIEL,5191
2013,Féminin,1,_PRENOMS_RARES,26073
2013,Féminin,2,EMMA,4796
2013,Féminin,3,LOUISE,4480
2013,Féminin,4,CHLOÉ,4314
2013,Féminin,5,JADE,4228
2014,Masculin,1,_PRENOMS_RARES,24353
2014,Masculin,2,LUCAS,5471
2014,Masculin,3,GABRIEL,5360
2014,Masculin,4,LOUIS,4982
2014,Masculin,5,HUGO,4898
2014,Féminin,1,_PRENOMS_RARES,26235
2014,Féminin,2,JADE,4696
2014,Féminin,3,LOUISE,4636
2014,Féminin,4,EMMA,4500
2014,Féminin,5,CHLOÉ,3867
2015,Masculin,1,_PRENOMS_RARES,24492
2015,Masculin,2,GABRIEL,5651
2015,Masculin,3,JULES,5153
2015,Masculin,4,LUCAS,5018
2015,Masculin,5,LOUIS,4748
2015,Féminin,1,_PRENOMS_RARES,26389
2015,Féminin,2,LOUISE,4544
2015,Féminin,3,EMMA,4406
2015,Féminin,4,JADE,4303
2015,Féminin,5,CHLOÉ,3604
2016,Masculin,1,_PRENOMS_RARES,24921
2016,Masculin,2,GABRIEL,5876
2016,Masculin,3,JULES,5033
2016,Masculin,4,ADAM,4656
2016,Masculin,5,LUCAS,4587
2016,Féminin,1,_PRENOMS_RARES,26602
2016,Féminin,2,EMMA,4723
2016,Féminin,3,LOUISE,4174
2016,Féminin,4,JADE,4146
2016,Féminin,5,ALICE,3484
2017,Masculin,1,_PRENOMS_RARES,25238
2017,Masculin,2,GABRIEL,5442
2017,Masculin,3,LOUIS,4405
2017,Masculin,4,RAPHAËL,4203
2017,Masculin,5,JULES,4182
2017,Féminin,1,_PRENOMS_RARES,26660
2017,Féminin,2,EMMA,4816
2017,Féminin,3,LOUISE,4040
2017,Féminin,4,JADE,4033
2017,Féminin,5,ALICE,3377
2018,Masculin,1,_PRENOMS_RARES,25476
2018,Masculin,2,GABRIEL,5424
2018,Masculin,3,RAPHAËL,4605
2018,Masculin,4,LÉO,4451
2018,Masculin,5,LOUIS,4410
2018,Féminin,1,_PRENOMS_RARES,26985
2018,Féminin,2,EMMA,4372
2018,Féminin,3,JADE,3973
2018,Féminin,4,LOUISE,3767
2018,Féminin,5,ALICE,3308
2019,Masculin,1,_PRENOMS_RARES,26380
2019,Masculin,2,GABRIEL,4987
2019,Masculin,3,LÉO,4655
2019,Masculin,4,RAPHAËL,4468
2019,Masculin,5,ARTHUR,4003
2019,Féminin,1,_PRENOMS_RARES,27628
2019,Féminin,2,EMMA,3954
2019,Féminin,3,JADE,3818
2019,Féminin,4,LOUISE,3749
2019,Féminin,5,ALICE,3290
2020,Masculin,1,_PRENOMS_RARES,26389
2020,Masculin,2,LÉO,4498
2020,Masculin,3,GABRIEL,4413
2020,Masculin,4,RAPHAËL,3976
2020,Masculin,5,ARTHUR,3801
2020,Féminin,1,_PRENOMS_RARES,27914
2020,Féminin,2,JADE,3816
2020,Féminin,3,LOUISE,3808
2020,Féminin,4,EMMA,3483
2020,Féminin,5,ALICE,2973
2021,Masculin,1,_PRENOMS_RARES,26511
2021,Masculin,2,GABRIEL,4972
2021,Masculin,3,LÉO,4362
2021,Masculin,4,RAPHAËL,3961
2021,Masculin,5,LOUIS,3708
2021,Féminin,1,_PRENOMS_RARES,28211
2021,Féminin,2,JADE,3796
2021,Féminin,3,LOUISE,3759
2021,Féminin,4,EMMA,3197
2021,Féminin,5,AMBRE,3008
2022,Masculin,1,_PRENOMS_RARES,27296
2022,Masculin,2,GABRIEL,4885
2022,Masculin,3,LÉO,4078
2022,Masculin,4,RAPHAËL,3794
2022,Masculin,5,MAËL,3570
2022,Féminin,1,_PRENOMS_RARES,29396
2022,Féminin,2,JADE,3418
2022,Féminin,3,LOUISE,3408
2022,Féminin,4,AMBRE,3376
2022,Féminin,5,ALBA,3272
